Name,Address,BusinessDays,BusinessHours,ToursandTasting,Area,Link,lon,lat
ST. CLAIR-BROWN WINERY,1605 ACTION AVE,Thus - Tues,12 PM - 6 PM,Public,Napa,https://www.stclairbrown.com/,-122.2866118,38.30485474
CHARLES KRUG WINERY,2800 MAIN ST,"Sun, Wed - Sat",10:30 AM - 5 PM,Public,St. Helena,https://www.charleskrug.com/,-122.4814746,38.51878235
SAINT HELENA WINERY,100 PRATT AVE,Mon - Sat,10 AM - 4 PM,Private,St. Helena,https://www.sthelenawinery.com/,-122.4757068,38.51975187
Fortunate Son Wines,825 FULTON LN,No Business Days,No Business Hours,No Tours or Tastings,St. Helena,https://fortunatesonwines.com/,-122.4701768,38.51047808
MERRYVALE VINEYARDS,1000 MAIN ST,Sun - Sat,10:30 AM - 5:30 PM,Public,St. Helena,http://www.merryvale.com/,-122.4643468,38.50212348
BERINGER VINEYARDS,2000 MAIN ST,Sun - Sat,10 AM - 5 PM,Public,St. Helena,http://www.beringer.com/,-122.4810468,38.51055187
DAVIES FAMILY WINERY,1210 GRAYSON AVE,Sun - Sat,9:45 AM - 5 PM,Appointment,St. Helena,https://www.daviesvineyards.com/visit/visitor-center-old/,-122.4623262,38.49870848
SALVESTRIN WINERY,397 MAIN ST,Sun - Sat,10 AM - 4 PM,Appointment,St. Helena,http://www.salvestrinwinery.com/,-122.4612668,38.49671569
Chase Cellars,2252 SULPHUR SPRINGS AVE,Tues - Sat,"10 AM - 4 PM, 11 AM - 4 PM",Appointment,St. Helena,http://www.chasecellars.com/,-122.4686968,38.48742187
SPOTTSWOODE WINERY,1902 MADRONA AVE,Mon - Fri,9 AM - 5 PM,Appointment,St. Helena,http://www.spottswoode.com/,-122.4788968,38.50023187
VAROZZA,514 PRATT AVE,Sun - Sat,11 AM - 5 PM ,Appointment,St. Helena,http://www.varozzavineyards.com/,-122.4752638,38.51724648
ANOMALY,455 BELLA VISTA CT,Mon - Sat,10 AM - 4 PM,Appointment,St. Helena,http://www.anomalyvineyards.com/,-122.4726268,38.4895899
AUBERT WINERY,333 SILVERADO TRL,By Appointment,By Appointment,Appointment,Calistoga,http://www.aubertwines.com/,-122.5662978,38.58190509
SWITCHBACK RIDGE,810 FOOTHILL BLVD,By Appointment,By Appointment,Appointment,Calistoga,https://switchbackridge.com/,-122.5768512,38.57446009
OTRA VEZ WINERY,2280 GREENWOOD AVE,Sun - Sat,10 AM - 4:30 PM,Appointment,Calistoga,https://www.otravezwine.com/,-122.5872868,38.59444509
TEDESCHI WINERY,2779 GRANT ST,Sun - Sat,10:30 AM - 4:30 PM,Appointment,Calistoga,http://www.tedeschifamilywinery.com/,-122.5938475,38.59052186
JERICHO CANYON WINERY,3322 OLD LAWLEY TOLL RD,Sun - Sat,10:30 AM - 4:30 PM,Appointment,Calistoga,http://jerichocanyonvineyard.com/,-122.5937313,38.62029739
TOM EDDY WINERY,3870 STATE HIGHWAY 128,Mon - Sat,10:30 AM - 4:30 PM,Appointment,Calistoga,http://www.tomeddywinery.com/,-122.6422505,38.60398585
STORYBOOK MOUNTAIN VINEYARD,3835 STATE HIGHWAY 128,Mon - Sat,"9 AM - 5 PM, 10 AM - 5 PM",Appointment,Calistoga,https://www.storybookwines.com/,-122.6429061,38.59991509
VICE VERSA WINERY,"3475 CA-128, Calistoga, CA 94515",Sun - Sat,10 AM - 6 PM,Appointment,Calistoga,http://www.viceversawine.com/,-122.6256338,38.59828713
CHATEAU MONTELENA WINERY,1429 TUBBS LN,Sun - Sat,9:30 AM - 4 PM,Appointment,Calistoga,http://www.montelena.com/,-122.5987716,38.60303809
AMICI CELLARS,3130 OLD LAWLEY TOLL RD,Sun - Sat,10 AM - 4:30 PM,Appointment,Calistoga,http://www.amicicellars.com/,-122.5948118,38.61167985
BENNETT LANE WINERY,3340 STATE HIGHWAY 128,Sun - Sat,11 AM - 4:30 PM,Appointment,Calistoga,http://www.bennettlane.com/,-122.6152025,38.59987747
TAMBER BEY VINEYARDS,1251 TUBBS LN,Sun - Sat,10 AM - 5 PM,Appointment,Calistoga,http://www.tamberbey.com/,-122.6051668,38.59480509
NEWTON VINEYARD,1171 TUBBS LN,Wed - Sun,11 AM - 5 PM,Appointment,Calistoga,http://newtonvineyard.com/,-122.6052035,38.59224324
THE SPIRE COLLECTION CALISTOGA,3299 BENNETT LN,By Appointment,By Appointment,Appointment,Calistoga,http://www.membershipbyspire.com/,-122.6102175,38.59918186
COQUEREL FAMILY WINERY,3180 STATE HIGHWAY 128,By Appointment,By Appointment,Appointment,Calistoga,https://www.coquerelwines.com/,-122.6093908,38.59298986
ENVY WINES,1170 TUBBS LN,Thurs - Mon,10 AM - 4:30 PM,Appointment,Calistoga,http://www.envywines.com/,-122.6020358,38.59197186
LAURA MICHAEL WINES,2250 LAKE COUNTY HWY,Sun - Sat,11 AM - 4:00 PM,Appointment,Calistoga,http://www.lauramichaelwines.com/,-122.5783418,38.59152271
VINCENT ARROYO WINERY,2361 GREENWOOD AVE,Sun - Sat,10 AM - 4:00 PM,Appointment,Calistoga,http://www.vincentarroyo.com/,-122.5886181,38.59724186
HUNDRED ARCRE WINERY,2339 PICKETT RD,Wed - Fri,10 AM - 4:00 PM,Appointment,Calistoga,https://hundredacre.com/,-122.5514098,38.59296632
HOURGLASS WINERY,701 LOMMEL RD,Sun - Sat,10 AM - 4:00 PM,Appointment,Calistoga,https://www.hourglasswines.com/,-122.5155205,38.57929924
BLACK SEARS WINERY,2610 SUMMIT LAKE DR,Mon - Sat,9 AM - 4 PM,Appointment,Angwin,http://www.blacksears.com/,-122.4727615,38.60511947
CIMAROSSA WINERY,1185 FRIESEN DR,By Appointment,By Appointment,Appointment,Angwin,http://www.cimarossa.com/,-122.4739868,38.58932186
O'SHAUGHNESSY WINERY,1150 FRIESEN DR,By Appointment,By Appointment,Appointment,Angwin,http://www.oshaughnessywinery.com/,-122.4741668,38.58695347
ROBERT CRAIG WINERY,2475 SUMMIT LAKE DR,Sun - Sat,10 AM - 4 PM,Appointment,Angwin,https://robertcraigwine.com/,-122.4681552,38.59948247
ADAMVS,501 N WHITE COTTAGE RD,Sun - Sat,9 AM - 5 PM,Appointment,Angwin,http://www.adamvs.com/,-122.4537375,38.58419186
WHISKEY RIVER RANCH VINEYARDS,1844 POPE CANYON RD,By Appointment,By Appointment,Appointment,Pope Valley,https://whiskyriverranch.com/,-122.3956268,38.60497509
RETRO CELLARS,805 N WHITE COTTAGE RD,Mon - Fri,10 AM - 4 PM,Appointment,Angwin,https://www.retrocellars.com/,-122.4508918,38.59291686
SUMMIT LAKE VINEYARDS,2000 SUMMIT LAKE DR,By Appointment,By Appointment,Appointment,Angwin,http://www.summitlakevineyards.com/,-122.4602475,38.60012509
OUTPOST WINES,2075 SUMMIT LAKE DR,Mon - Sat,9 AM - 2 PM,Appointment,Angwin,https://www.outpostwines.com/,-122.4636061,38.59812832
ROBERT FOLEY VINEYARDS,1296 SUMMIT LAKE DR,Thurs - Sat,10:30 AM - 11:30 AM,Appointment,Angwin,http://www.robertfoleyvineyards.com/,-122.4517988,38.59785209
PREDECESSOR ESTATE,860 FRIESEN DR,By Appointment,By Appointment,Appointment,Angwin,https://predecessorestate.com/,-122.4637875,38.59252024
POPE VALLEY WINERY,6613 POPE VALLEY RD,Sun - Sat,10 AM - 5 PM,Appointment,Pope Valley,http://www.popevalleywinery.com/,-122.4515568,38.63398833
CALLA LILY ESTATE AND  WINERY,6307 POPE VALLEY RD,By Appointment,By Appointment,Appointment,Pope Valley,https://callalilywines.com/,-122.4509918,38.62500185
DIAMOND MOUNTAIN WINERY,2111 DIAMOND MOUNTAIN RD,Sun - Sat,11AM - 3 PM,Appointment,Calistoga,https://diamondmountainvineyard.com/,-122.5794708,38.54477309
PARABLE WINERY,4300 SILVERADO TRL,By Appointment,By Appointment,Appointment,Calistoga,https://parablewines.com/,-122.5256568,38.57707509
GIRARD NAPA VALLEY,1077 DUNAWEAL LN,Thurs - Mon,10 AM - 5 PM,Appointment,Calistoga,https://www.girardwinery.com/,-122.5514382,38.5721537
PAOLETTI ESTATES WINERY,4501 SILVERADO TRL,Fri - Mon,11 AM - 4 PM,Appointment,Calistoga,http://www.paolettivineyards.com/,-122.5440583,38.57290586
STERLING VINEYARDS,1111 DUNAWEAL LN,Sun - Sat,10 AM - 5 PM,Public,Calistoga,https://www.sterlingvineyards.com/,-122.5471365,38.56874376
JOSEPH CELLARS,4455 N ST HELENA HWY,Sun - Sat,11 AM - 5 PM,Appointment,Calistoga,http://www.josephcellars.com/,-122.5637928,38.56245426
LARKMEAD VINEYARDS,1100 LARKMEAD LN,Sun - Sat,9 AM - 5 PM,Appointment,Calistoga,http://www.larkmead.com/,-122.5246968,38.55836586
FRANK FAMILY VINEYARDS,1091 LARKMEAD LN,Sun - Sat,10 AM - 5 PM,Appointment,Calistoga,http://www.frankfamilyvineyards.com/,-122.5222482,38.55942025
SCHRAMSBERG VINEYARDS WINERY,1400 SCHRAMSBERG RD,Sun - Sat,9 AM - 4:30 PM,Appointment,Calistoga,https://www.schramsberg.com/,-122.5380621,38.55048582
BEHRENS FAMILY WINERY,4078 SPRING MOUNTAIN RD,Mon - Sat,10 AM - 3 PM,Tasting Appointment,St. Helena,https://behrensfamilywinery.com/,-122.5580732,38.5321815
SHERWIN FAMILY VINEYARDS,4060 SPRING MOUNTAIN RD,Mon - Sat,10 AM - 3 PM,Appointment,St. Helena,https://www.sherwinfamilyvineyards.com/,-122.5586629,38.53001058
BARNETT VINEYARDS,4070 SPRING MOUNTAIN RD,Mon - Sat,11 AM - 3 PM,Tasting Appointment,St. Helena,http://www.barnettvineyards.com/,-122.5536345,38.53202424
PRIDE MOUNTAIN VINEYARDS,4026 SPRING MOUNTAIN RD,Wed - Mon,10 AM - 3:30 PM,Appointment,St. Helena,http://www.pridewines.com/,-122.5649468,38.52782897
VINEYARD 7 AND 8,4028 SPRING MOUNTAIN RD,By Appointment,By Appointment,Appointment,St. Helena,https://www.vineyard7and8.com/,-122.5525321,38.52617313
STONY HILL VINEYARD,3331 ST HELENA HWY N,Thurs - Mon,10 AM - 3:30 PM,Appointment,St. Helena,https://www.stonyhillvineyard.com/,-122.5291988,38.53553405
SMITH MADRONE VINEYARDS,4022 SPRING MOUNTAIN RD,"Tues, Thurs, Sat",10 AM - 12 PM,Appointment,St. Helena,https://www.smithmadrone.com/,-122.5485563,38.53252721
KENEFICK WINERY,2200 PICKETT RD,Mon - Fri,9 AM - 4:30 PM,Appointment,Calistoga,http://www.kenefickranch.com/,-122.5566286,38.59063741
EISELE VINEYARD,2155 PICKETT RD,Mon - Sat,10 AM - 3:30 PM,Appointment,Calistoga,http://eiselevineyard.com/,-122.5541894,38.58484795
PHIFER PAVITT FAMILY VINEYARDS,4660 SILVERADO TRL,Tues - Sat,10 AM - 4 PM,Appointment,Calistoga,http://www.phiferpavittwine.com/,-122.551434,38.57697013
VENGE VINEYARDS,4708 SILVERADO TRL,Sun - Sat,11 AM - 4 PM,Appointment,Calistoga,http://www.vengevineyards.com/,-122.5532805,38.58246019
CASTELLO DI AMOROSA,4045 N ST HELENA HWY,Sun - Sat,10 AM - 5:30 PM,Appointment,Calistoga,https://castellodiamorosa.com/,-122.5425068,38.55844315
CHECKERBOARD VINEYARDS,4331 AZALEA SPRINGS WAY,By Appointment,By Appointment,Appointment,Calistoga,https://www.checkerboardvineyards.com/,-122.5549661,38.55133154
TEACHWORTH WINERY,4451 N ST HELENA HWY,Thurs - Sat,10 AM - 5 PM,Appointment,Calistoga,http://www.teachworthcabs.com/,-122.5571168,38.55845315
THE VINEYARDIST,263 PETRIFIED FOREST RD,By Appointment,By Appointment,Appointment,Calistoga,https://thevineyardist.com/,-122.6165291,38.57326487
DIAMOND CREEK VINEYARDS,1500 DIAMOND MOUNTAIN RD,By Appointment,By Appointment,Appointment,Calistoga,https://diamondcreekvineyards.com/,-122.5742352,38.56504661
DAVIS ESTATES,4060 SILVERADO TRL,Sun - Sat,10 AM - 4 PM,Appointment,Calistoga,http://www.davisestates.com/,-122.2873007,38.3573904
LADERA WINERY,3942 SILVERADO TRL,Sun - Sat,10 AM - 4 PM,Appointment,Calistoga,https://laderavineyards.com/,-122.5101523,38.56324702
REVERIE II WINERY,264 N FORK CRYSTAL SPRINGS RD,Mon - Sat,10 AM - 4 PM,Tasting Appointment,St. Helena,http://reveriewinery.com/,-122.4962368,38.56041992
MENDING WALL WINERY,3730 SILVERADO TRL,Mon - Sat,10 AM - 5 PM,Appointment,St. Helena,http://www.mendingwall.com/,-122.4997075,38.55609315
BOESCHEN WINERY,3242 N SILVERADO TRL,Mon - Fri,10 AM - 3:30 PM,Appointment,St. Helena,http://www.boeschenvineyards.com/,-122.4894822,38.53839358
MELKA WINERY,2900 SILVERADO TRL,Mon - Sat,9 AM - 5:30 PM,Tasting Appointment,St. Helena,http://www.melkaestates.com/,-122.4827475,38.52634508
TITUS VINEYARDS,2971 SILVERADO TRL,Sun - Sat,10 AM - 3 PM,Tasting Appointment,St. Helena,http://www.titusvineyards.com/,-122.4854486,38.52746581
BREMER FAMILY WINERY,975 DEER PARK RD,Sun - Sat,10 AM - 5 PM,Appointment,St. Helena,http://bremerfamilywinery.com/,-122.4709172,38.55121488
CHATEAU BOSWELL,3468 SILVERADO TRL,Tues - Sat,10 AM - 4 PM,Appointment,St. Helena,http://www.chateauboswell.com/,-122.4892615,38.54448197
HUNNICUTT WINERY,3524 SILVERADO TRL,Sun - Sat,9 AM - 5 PM,Appointment,St. Helena,https://www.hunnicuttwines.com/,-122.4883934,38.54740122
ROMBAUER VINEYARDS,3522 SILVERADO TRL,Sun - Sat,10 AM - 5 PM,Appointment,St. Helena,http://www.rombauer.com/,-122.4927174,38.54603132
VIADER VINEYARDS,1120 DEER PARK RD,Sun - Sat,10 AM - 3 PM,Private,Deer Park,http://www.viader.com/,-122.473635,38.560081
MERUS WINES,424 CRYSTAL SPRINGS RD,Sun - Sat,10 AM - 5 PM,Appointment,St. Helena,https://www.meruswines.com/,-122.4841342,38.55244589
BENESSERE,1010 BIG TREE RD,Sun - Sat,10 AM - 4:30 PM,Appointment,St. Helena,https://benesserevineyards.com/,-122.5065053,38.55218455
NAPA DE ORO WINERY,1015 BIG TREE RD,By Appointment,By Appointment,Appointment,St. Helena,http://www.napadeoro.com/,-122.5034339,38.54887574
Parallel Wines,3125 N ST HELENA HWY,Sun - Sat,10 AM - 4 PM,Appointment,St. Helena,http://www.parallelwines.com/,-122.5025928,38.52848327
SABINA VINEYARDS,3291 ST HELENA HWY,By Appointment,By Appointment,Private,St. Helena,http://www.sabinavineyards.com/,-122.5095819,38.53666856
EL MOLINO WINERY,3315 N ST HELENA HWY,By Appointment,By Appointment,Appointment,St. Helena,https://www.elmolinowinery.com/,-122.5102022,38.53960745
AXR WINERY,3199 St Helena Hwy,Sun - Sat,10 AM - 4:30 PM,Appointment,St. Helena,http://www.axrnapavalley.com/,-122.5046359,38.53045924
TRINCHERO NAPA VALLEY,3070 ST HELENA HWY,Sun - Sat,10 AM - 5 PM,Appointment,St. Helena,https://www.trincheronapavalley.com/,-122.4971961,38.52820687
EHLERS ESTATE WINERY,3200 EHLERS LN,Sun - Sat,9:30 AM - 4 PM,Appointment,St. Helena,https://www.ehlersestate.com/,-122.4973716,38.53184752
ALLORA WINERY,3244 EHLERS LN,Tues - Sat,10 AM - 3 PM,Appointment,St. Helena,http://www.allorawines.com/,-122.4933592,38.53557822
DUCKHORN VINEYARDS,1000 LODI LN,Sun - Sat,10 AM - 4 PM,Tasting Appointment,St. Helena,https://www.duckhorn.com/?utm_source=google&utm_medium=organic&utm_campaign=gmb,-122.490743,38.52944341
FREEMARK ABBEY,3022 N ST HELENA HWY,Wed - Mon,10 AM - 5 PM,Appointment,St. Helena,http://www.freemarkabbey.com/,-122.4964333,38.52565601
FLYING LADY WINERY,3747 LANGTRY RD,Sun - Sat,10 AM - 4:30 PM,Appointment,St. Helena,https://www.flyinglady.com/,-122.5377451,38.50439069
LOKOYA,3787 SPRING MOUNTAIN RD,Sun - Sat,11 AM - 5 PM,Appointment,St. Helena,http://www.lokoya.com/,-122.5399382,38.51398077
PALOMA VINEYARD,4013 SPRING MOUNTAIN RD,Mon - Sat,10 AM - 4:30 PM,Appointment,St. Helena,https://palomavineyard.com/?UTM_source=GMB_listing&UTM_medium=organic,-122.5491173,38.52230911
SCHWEIGER VINEYARDS,4015 SPRING MOUNTAIN RD,Sun - Sat,10 AM - 4 PM,Appointment,St. Helena,http://www.schweigervineyards.com/,-122.5474831,38.5259651
SPRING MOUNTAIN VINEYARDS,2805 SPRING MOUNTAIN RD,Sun - Sat,9:30 AM - 5:30 PM,Appointment,St. Helena,http://www.springmountainvineyard.com/,-122.4898614,38.50607192
BALLENTINE WINERY,2820 ST HELENA HWY,Thurs - Mon,10 AM - 4 PM,Tasting Appointment,St. Helena,https://www.ballentinevineyards.com/,-122.4897071,38.51965339
MARKHAM WINERY,2812 N ST HELENA HWY,Thurs - Mon,10 AM - 5 PM,Public,St. Helena,https://markhamvineyards.com/visit/winery-experiences/,-122.4890048,38.518904
VINEYARD 29,2929 N ST HELENA HWY,By Appointment,By Appointment,Tasting Appointment,St. Helena,http://www.vineyard29.com/,-122.4959393,38.51960753
MORLET FAMILY ESTATE,2825 N ST HELENA HWY,Mon - Sat,10 AM - 4 PM,Appointment,St. Helena,http://www.morletwines.com/,-122.4901782,38.51762235
REVANA FAMILY WINERY,2910 N ST HELENA HWY,Sun - Sat,11 AM - 4 PM,Appointment,St. Helena,https://www.revanawine.com/,-122.4924711,38.52078185
WILLIAM COLE WINERY,2849 N ST HELENA HWY,Sun - Sat,10 AM - 4 PM,Appointment,St. Helena,https://williamcolevineyards.com/,-122.4905108,38.51799503
TURLEY WINE CELLARS,3358 ST HELENA HWY,Sun - Sat,10 AM - 5 PM,Public,St. Helena,http://www.turleywinecellars.com/,-122.5069564,38.54060324
FANTESCA ESTATE,2920 SPRING MOUNTAIN RD,Sun - Sat,10 AM - 5 PM,Appointment,St. Helena,https://www.fantesca.com/,-122.4952506,38.51266344
NEAL WINERY,716 LIPARITA AVE,Mon - Sat,9 AM - 4 PM,Appointment,Angwin,https://www.nealvineyards.com/,-122.4629464,38.57402313
SPENCE VINEYARDS,920 N WHITE COTTAGE RD,By Appointment,By Appointment,Appointment,Angwin,https://spencevineyards.com/,-122.4448177,38.59242675
CADE WINERY,360 HOWELL MOUNTAIN RD,Sun - Sat,10 AM - 4 PM,Appointment,Angwin,http://www.cadewinery.com/,-122.4481621,38.56082168
LA JOTA VINEYARD,1100 LAS POSADAS RD,By Appointment,By Appointment,Appointment,Angwin,http://www.lajotavineyardco.com/,-122.4177013,38.55410752
BRAVANTE WINERY,330 STONE RIDGE RD,Sun - Sat,10 AM - 5 PM,Appointment,Angwin,http://www.bravantevineyards.com/,-122.4629625,38.568378
ARKENSTONE VINEYARDS,335 WEST LN,Sun - Sat,10 AM - 3 PM,Appointment,Angwin,https://arkenstone.com/,-122.4654832,38.56350117
MAXVILLE LAKE WINERY,4105 CHILES POPE VALLEY RD,Sun - Sat,10 AM - 4:30 PM,Appointment,Pope Valley,https://www.maxvillelakewines.com/,-122.3749146,38.55798523
ALMACERRO,1181 LAS POSADAS RD,Mon - Fri,8 AM - 4 PM,No Tours or Tastings,Angwin,http://www.almacerro.com/,-122.4118866,38.54528678
FORMAN VINEYARD,1501 BIG ROCK RD,Sun - Sat,10 AM - 3 PM,Appointment,St. Helena,http://www.formanvineyard.com/,-122.4455365,38.51734945
JOSEPH PHELPS VINEYARDS,200 TAPLIN RD,Sun - Sat,"10 AM - 4 PM, 10 AM - 5 PM",Tasting Appointment,Zinfandel,http://www.josephphelps.com/,-122.428773,38.50726613
SEVEN STONES WINERY,844 MEADOWOOD LN,By Appointment,By Appointment,Appointment,St. Helena,http://www.sevenstoneswinery.com/,-122.4545137,38.52271788
SEAVEY VINEYARD,1310 CONN VALLEY RD,Sun - Sat,10 AM - 3:30 PM,Appointment,Zinfandel,http://www.seaveyvineyard.com/,-122.3963919,38.5082442
HEITZ WINE CELLARS,500 TAPLIN RD,Thurs - Mon,11 AM - 3:30 PM,Appointment,Zinfandel,http://heitzcellar.com/,-122.4177917,38.50210554
ANDERSON'S CONN VALLEY WINERY,680 ROSSI RD,Sun - Sat,9 AM - 5 PM,Appointment,St. Helena,https://connvalleyvineyards.com/,-122.4114255,38.51261132
BUEHLER VINEYARDS,820 GREENFIELD RD,Mon - Fri,10 AM - 4 PM,Tasting Appointment,Zinfandel,http://www.buehlervineyards.com/,-122.3806619,38.51252128
VOLKER EISELE FAMILY ESTATE,3080 LOWER CHILES VALLEY RD,Sun - Sat,10 AM - 6 PM,Appointment,Zinfandel,http://www.volkereiselefamilyestate.com/,-122.3261577,38.53254765
GREEN AND RED VINEYARD,3206 CHILES POPE VALLEY RD,By Appointment,By Appointment,Appointment,Zinfandel,http://greenandred.com/,-122.3394038,38.52996919
SOMERSTON WINERY,3450 SAGE CANYON RD,Sun - Sat,10 AM - 4 PM,Appointment,Rutherford,https://www.somerstonestate.com/,-122.2674008,38.5193597
NICHELINI VINEYARDS,2950 SAGE CANYON RD,Thurs - Sun,"1-5 PM, 11 AM - 5PM",Appointment,Rutherford,https://www.nicheliniwinery.com/,-122.2936746,38.49888776
AONAIR WINERY,647 GREENFIELD RD,Mon - Sat,10 AM - 4 PM,Appointment,Zinfandel,http://www.aonairwinery.com/,-122.3908548,38.51115401
AMIZETTA VINEYARDS,1089 GREENFIELD RD,Mon - Sat,11 AM - 4 PM,Appointment,Zinfandel,http://www.amizetta.com/,-122.3823234,38.52233721
WHITEHALL LANE WINERY,1563 ST HELENA HWY,Mon - Sat,10 AM - 5:30 PM,Appointment,Zinfandel,https://www.whitehalllane.com/,-122.438332,38.47771556
FLORA SPRINGS WINE CO,2006 W ZINFANDEL LN,Wed - Mon,10 AM - 3:30 PM,Appointment,Zinfandel,http://www.florasprings.com/,-122.4557929,38.47778535
SINEGAL ESTATE WINERY,2125 INGLEWOOD AVE,Wed - Mon,8:30 AM - 4:30 PM,Appointment,Zinfandel,https://www.sinegalestate.com/,-122.4602641,38.48149502
CORISON WINERY,987 ST HELENA HWY,Sun - Sat,10 AM - 5 PM,Appointment,Zinfandel,http://www.corison.com/,-122.4474101,38.48499291
YOUNG INGLEWOOD VINEYARDS,1919 INGLEWOOD AVE,Tues - Sat,10 AM - 4 PM,Appointment,Zinfandel,https://www.younginglewood.com/,-122.455499,38.48293945
HALL WINERY,401 ST HELENA HWY,Sun - Sat,10 AM - 5:30 PM,Appointment,Zinfandel,https://www.hallwines.com/,-122.4530552,38.48896796
SUTTER HOME WINERY,277 ST HELENA HWY,Thurs - Mon,10 AM - 5 PM,Public,Zinfandel,https://www.sutterhome.com/,-122.4537508,38.4912744
PRAGER WINERY,1281 LEWELLING LN,Sun - Sat,"10:30 AM - 4:30 PM, 11 AM - 4:30 PM",Appointment,Zinfandel,http://www.pragerport.com/,-122.4549144,38.49121664
DEL DOTTO FAMILY WINERY,1445 S ST HELENA HWY,Thrus -Tues,10 AM - 5 PM,Appointment,Zinfandel,http://www.deldottovineyards.com/,-122.4425203,38.47988201
NIEBAUM PENNINO,1991 ST HELENA HWY,Fri - Sun,11 AM - 5 PM,Public,Rutherford,https://niebaumpennino.com/,-122.4312612,38.45456113
STAGLIN WINERY,1570 BELLA OAKS LN,Mon - Fri,9 AM - 5 PM,Appointment,Rutherford,http://www.staglinfamily.com/,-122.4291889,38.44166021
FAR NIENTE WINERY,1350 ACACIA DR,Sun - Sat,10 AM - 4:30 PM,Appointment,Oakville,https://farniente.com/,-122.404,38.4258
FUTO WINERY,1575 OAKVILLE GRADE,Sun - Sat,10 AM - 4 PM,Appointment,Oakville,http://www.futoestate.com/,-122.413,38.41639
PROMONTORY WINERY,1601 OAKVILLE GRADE,Sun - Sat,9 AM - 5 PM,Appointment,Oakville,https://www.promontory.wine/,-122.415,38.42137
THE VINEYARD HOUSE WINERY,1581 OAKVILLE GRADE,Sun - Sat,9 AM - 4:30 PM,Appointment,Oakville,http://www.tvhwines.com/,-122.411,38.41855
DANA ESTATES,1895 CABERNET LN,Sun - Sat,9 AM - 5 PM,No Tours or Tastings,Zinfandel,https://danaestates.com/,-122.45,38.47251
PESTONI FAMILY,1673 ST HELENA HWY,Sun - Sat,10 AM - 4:30 PM,Appointment,Zinfandel,http://www.pestonifamily.com/,-122.436,38.47153
TRES SABORES,1620 S WHITEHALL LN,Wed - Mon,10 AM - 5 PM,Appointment,Rutherford,http://www.tressabores.com/,-122.445,38.46217
BELLA UNION WINERY,1695 ST HELENA HWY,Sun - Sat,11:30 AM - 6 PM,Appointment,Rutherford,https://farniente.com/visit-bella-union?utm_source=google&utm_medium=organic&utm_campaign=gbp,-122.433,38.47017
GRGICH HILLS CELLARS,1829 ST HELENA HWY,Sun - Sat,9:30 AM - 4:30 PM,Appointment,Rutherford,http://www.grgich.com/,-122.429,38.4656
HARLAN ESTATE I,1567 OAKVILLE GRADE,By Appointment,By Appointment,No Tours or Tastings,Oakville,https://www.harlanestate.com/,-122.409,38.41536
PARADIGM WINERY,1277 DWYER RD,Sun - Sat,10 AM - 3:30 PM,Appointment,Oakville,https://paradigmwinery.com/,-122.394,38.42056
NAPA  CELLARS,7481 ST HELENA HWY,Thurs - Mon,10 AM - 5 PM,Appointment,Oakville,https://www.napacellars.com/,-122.39,38.42116
LOUIS M MARTINI WINERY,254 ST HELENA HWY,Sun - Sat,10 AM - 6 PM,Tasting Appointment,Zinfandel,http://www.louismartini.com/,-122.453,38.49236
THE TERRACES,1450 SILVERADO TRL,Sun - Sat,10 AM - 5 PM,Appointment,Zinfandel,http://www.terraceswine.com/,-122.419,38.4956
QUINTESSA WINERY,1601 SILVERADO TRL,Thurs - Mon,10 AM - 5 PM,Appointment,Zinfandel,http://www.quintessa.com/,-122.411,38.48687
THE PRISONER WINE COMPANY,1178 GALLERON LN,Sun - Sat,"10 AM - 4 PM, 10 AM - 5 PM",Appointment,Zinfandel,https://theprisonerwinecompany.com/pages/visit-us,-122.432,38.47449
SULLIVAN FAMILY ESTATE,1090 GALLERON LN,Sun - Sat,10 AM - 5 PM,Appointment,Zinfandel,https://sullivanwine.com/estate-experiences/?utm_source=Google+Business+Page&utm_medium=organic&utm_campaign=st+helena+ca,-122.43,38.47838
FLEURY FAMILY WINERY,950 GALLERON LN,"Mon, Wed - Sat",9 AM - 5 PM,Tasting Appointment,Zinfandel,http://www.fleurywinery.com/,-122.424,38.48119
ALPHA OMEGA WINERY,1155 MEE LN,Sun - Sat,10 AM - 6 PM,Tasting Appointment,Rutherford,http://www.aowinery.com/,-122.429,38.47045
HONIG CELLARS,850 RUTHERFORD RD,Sun - Sat,10 AM - 4 PM,Appointment,Rutherford,http://www.honigwine.com/,-122.408,38.47357
FROGS LEAP WINERY,8815 CONN CREEK RD,Sun - Sat,10 AM - 4 PM,Appointment,Rutherford,http://www.frogsleap.com/,-122.402,38.47402
LMR RUTHERFORD ESTATE WINERY,1796 ST HELENA HWY,By Appointment,By Appointment,Appointment,Rutherford,http://www.longmeadowranch.com/,-122.427,38.46537
BEAULIEU VINEYARDS,1960 ST HELENA HWY,Sun - Sat,10 AM - 5 PM,Public,Rutherford,http://www.bvwines.com/,-122.422,38.46059
DAKOTA SHY WINERY,771 SAGE CANYON RD,By Appointment,By Appointment,Appointment,Zinfandel,http://www.dakotashywine.com/,-122.401,38.4867
CONN CREEK WINERY,8711 SILVERADO TRL,No Business Days,No Business Hours,No Tours or Tastings,Zinfandel,https://www.conncreek.com/,-122.405,38.48617
ROUND POND WINERY,875 RUTHERFORD RD,Wed - Sun,10 AM - 5 PM,Appointment,Rutherford,https://www.roundpond.com/,-122.403,38.46395
PEJU PROVINCE WINERY,8466 ST HELENA HWY,Thurs - Mon,11 AM - 5 PM,Appointment,Rutherford,https://peju.com/,-122.416,38.45608
FOLEY JOHNSON WINERY,8360 ST HELENA HWY,Sun - Sat,10 AM - 5 PM,Appointment,Rutherford,https://www.foleyjohnsonwines.com/,-122.413,38.4503
SEQUOIA GROVE VINEYARDS,8338 ST HELENA HWY,Wed - Mon,10 AM - 5 PM,Appointment,Rutherford,https://www.sequoiagrove.com/,-122.412,38.44983
ST SUPERY VINEYARDS AND WINERY,8440 S ST HELENA HWY,Sun - Sat,10 AM - 5 PM,Appointment,Rutherford,http://www.stsupery.com/,-122.415,38.45508
ZD WINES,8383 SILVERADO TRL,Sun - Sat,10 AM - 4 PM,Appointment,Rutherford,https://www.zdwines.com/,-122.389,38.47656
MUMM NAPA VALLEY,8445 SILVERADO TRL,Sun - Sat,10 AM - 6 PM,Appointment,Rutherford,https://www.mummnapa.com/,-122.394,38.47834
CAYMUS VINEYARDS,8700 CONN CREEK RD,Sun - Sat,9:30 AM - 4:30 PM,Tasting Appointment,Rutherford,http://www.caymus.com/,-122.398,38.47003
WILLIAM HARRISON,1443 SILVERADO TRL,Tues - Sun,11 AM - 5 PM,Tasting Appointment,Zinfandel,https://www.whwines.com/visit/,-122.423,38.49431
WHEELER FARMS WINERY,588 ZINFANDEL LN,Sun - Sat,10 AM - 4 PM,Appointment,Zinfandel,http://www.wheelerfarmswine.com/,-122.437,38.48731
V. SATTUI WINERY,1111 WHITE LN,Sun - Sat,"9:30 Am - 5:30 PM, 10 AM - 5PM",Appointment,Zinfandel,http://www.vsattui.com/,-122.448,38.48901
RAYMOND VINEYARD AND CELLAR,849 ZINFANDEL LN,Thurs - Mon,10 AM - 4 PM,Appointment,Zinfandel,http://www.raymondvineyards.com/,-122.435,38.48238
ROUND HILL CELLARS (RUTHERFORD RANCH),1680 SILVERADO TRL,Sun - Sat,10 AM - 4:30 PM,Appointment,Zinfandel,http://www.rutherfordranch.com/,-122.407,38.48853
RUTHERFORD HILL WINERY,200 RUTHERFORD HILL RD,Sun - Sat,10 AM - 5 PM,Appointment,Zinfandel,http://www.rutherfordhill.com/,-122.404,38.49367
SLOAN WINERY,88 AUBERGE RD,Mon - Fri,9 AM - 4 PM,Appointment,Zinfandel,https://www.sloanestate.com/,-122.399,38.49377
TURNBULL WINE CELLARS,8210 ST HELENA HWY,Sun - Sat,10 AM - 4 PM,Public,Oakville,http://www.turnbullwines.com/,-122.408,38.44444
CAKEBREAD CELLARS,8300 ST HELENA HWY,Sun - Sat,10 AM - 4 PM,Appointment,Rutherford,http://www.cakebread.com/,-122.411,38.4481
OPUS ONE WINERY,7900 ST HELENA HWY,Sun - Sat,10 AM - 4 PM,Appointment,Oakville,http://www.opusonewinery.com/,-122.4,38.44149
VILLA RAGAZZI,7878 MONEY RD,Sun - Sat,10 AM - 5 PM,Appointment,Oakville,http://www.villaragazzi.wine/,-122.386,38.45246
SADDLEBACK CELLARS,7802 MONEY RD,Sun - Sat,10 AM - 4 PM,Appointment,Oakville,http://www.saddlebackcellars.com/,-122.388,38.4494
PLUMP JACK WINERY,620 OAKVILLE CROSS RD,Sun - Sat,10 AM - 4 PM,Public,Oakville,http://www.plumpjackwinery.com/,-122.374,38.45544
MINER FAMILY WINERY,7850 SILVERADO TRL,Thurs - Mon,10 AM - 5 PM,Appointment,Oakville,http://minerwines.com/,-122.371,38.46279
GROTH WINERY AND OAKCROSS VINEYARDS,750 OAKVILLE CROSS RD,Wed - Mon,10 AM - 4 PM,Appointment,Oakville,https://grothwines.com/,-122.38,38.44921
RUDD ESTATE WINERY,500 OAKVILLE CROSS RD,Sun - Sat,9 AM - 5 PM,Appointment,Oakville,http://www.ruddwines.com/,-122.367,38.45756
DALLA VALLE VINEYARDS,7776 SILVERADO TRL,Mon - Fri,8:30 AM - 4:30 PM,No Tours or Tastings,Oakville,https://www.dallavallevineyards.com/,-122.359,38.45642
TENCH WINERY,7631 SILVERADO TRL,Mon - Fri,8 AM - 3:30 PM,Appointment,Oakville,http://tenchvineyards.com/,-122.364,38.4519
B CELLARS,703 OAKVILLE CROSS RD,"Mon - Fri, Sun","10 AM - 1 PM, 10 AM - 3 PM",Appointment,Oakville,https://www.bcellars.com/,-122.373,38.44999
CARDINALE WINERY,7600 ST HELENA HWY,Sun - Sat,11 AM - 5 PM,Appointment,Oakville,http://www.cardinale.com/,-122.389,38.42962
SILVER OAK WINE CELLARS,915 OAKVILLE CROSS RD,Sun - Sat,10 AM - 5 PM,Appointment,Oakville,http://www.silveroak.com/visit-us/,-122.381,38.44048
NAPA WINE CO,1187 OAKVILLE CROSS RD,Mon - Fri,8 AM - 4:30 PM,Appointment,Oakville,https://www.napawineco.com/,-122.402,38.43633
GAMBLE ESTATES,7554 ST HELENA HWY,Mon - Sat,10 AM - 4 PM,Appointment,Oakville,http://www.gambleestates.com/,-122.387,38.42913
PARADUXX VINEYARDS,7257 SILVERADO TRL,Sun - Sat,10 AM - 4 PM,Appointment,Oakville,https://www.paraduxx.com/?utm_source=google&utm_medium=organic&utm_campaign=gmb,-122.353,38.43659
GOOSECROSS CELLARS,1119 STATE LN,Sun - Sat,10 AM - 4 PM,Appointment,Yountville,http://goosecross.com/,-122.353,38.42701
KAPCSANDY WINERY,1001 STATE LN,Mon - Sat,10 AM - 4 PM,Appointment,Yountville,http://www.kapcsandywines.com/,-122.349,38.42248
CLIFF LEDE VINEYARDS,1473 YOUNTVILLE CROSS RD,Sun - Sat,10 AM - 4 PM,Appointment,Yountville,http://www.cliffledevineyards.com/,-122.345,38.42402
BALDACCI FAMILY VINEYARDS,6236 SILVERADO TRL,Sun - Sat,10 AM - 4 PM,Appointment,Yountville,https://www.baldaccivineyards.com/?utm_source=google&utm_medium=organic&utm_campaign=gbp-listing,-122.338,38.42092
LEWIS CELLARS,6320 SILVERADO TRL,Sun - Sat,10 AM - 4:30 PM,Appointment,Yountville,http://www.lewiscellars.com/,-122.337,38.42541
NEYERS VINEYARDS WINERY,2153 SAGE CANYON RD,Fri - Sat,10 AM - 4 PM,Appointment,Rutherford,http://www.neyersvineyards.com/,-122.328,38.48936
COLGIN PARTNERS WINERY,220 LONG RANCH RD,By Appointment,By Appointment,Appointment,Rutherford,https://www.colgincellars.com/,-122.348,38.4718
REALM HOUYI ESTATE,200 LONG RANCH RD,By Appointment,By Appointment,Appointment,Rutherford,https://www.realmcellars.com/,-122.35,38.46782
DAVID ARTHUR VINEYARDS,210 LONG RANCH RD,Sun - Sat,10 AM - 4 PM,Appointment,Rutherford,http://www.davidarthur.com/,-122.349,38.46776
GANDONA ESTATE,1533 SAGE CANYON RD,Tues - Sat   ,10 AM - 5 PM,Appointment,Rutherford,https://gandona.com/,-122.346,38.47706
BRAND NAPA VALLEY,90 LONG RANCH RD,By Appointment,By Appointment,Appointment,Rutherford,http://www.brandnapavalley.com/,-122.358,38.47082
CHAPPELLET WINERY,1579 SAGE CANYON RD,Tues - Sat   ,10 AM - 4 PM,Appointment,Rutherford,https://www.chappellet.com/,-122.335,38.48179
CONTINUUM WINERY,1683 SAGE CANYON RD,By Appointment,By Appointment,Appointment,Oakville,https://www.continuumestate.com/,-122.328,38.46696
VINE CLIFF WINERY,7400 SILVERADO TRL,Sun - Sat,10 AM - 5 PM,Appointment,Oakville,https://www.vinecliff.com/,-122.351,38.44715
OAKVILLE RANCH,7781 SILVERADO TRL,By Appointment,By Appointment,Appointment,Oakville,https://www.oakvilleranch.com/,-122.352,38.45526
OVID VINEYARDS,275 LONG RANCH RD,By Appointment,By Appointment,Tasting Appointment,Oakville,http://www.ovidnapavalley.com/,-122.344,38.46205
RELIC WINERY,2400 SODA CANYON RD,Sun - Sat,9 AM - 6 PM,Tasting Appointment,Yountville,https://www.relicwinecellars.com/,-122.292,38.41155
MALK FAMILY VINEYARDS,5850 SILVERADO TRL,By Appointment,By Appointment,Tasting Appointment,Yountville,https://www.malkfamilyvineyards.com/,-122.318,38.40607
ODETTE WINERY,5998 SILVERADO TRL,Sun - Sat,10 AM - 4 PM,Appointment,Yountville,https://www.odetteestate.com/,-122.328,38.40641
ROBINSON FAMILY VINEYARDS,5880 SILVERADO TRL,Tues - Sat   ,10 AM - 3 PM,Appointment,Yountville,https://robinsonfamilyvineyards.com/,-122.321,38.41133
BRYANT FAMILY WINERY,1567 SAGE CANYON RD,By Appointment,By Appointment,Tasting Appointment,Rutherford,https://bryant.estate/,-122.339,38.48466
QUIXOTE WINERY,6126 SILVERADO TRL,Sun - Sat,10 AM - 3 PM,Appointment,Yountville,http://www.quixotewinery.com/,-122.323,38.41788
SHAFER VINEYARDS,6154 SILVERADO TRL,Mon - Sat,10 AM - 4 PM,Appointment,Yountville,http://www.shafervineyards.com/,-122.327,38.42042
STAGS LEAP WINE WINERY (DOUMANI 1),6150 SILVERADO TRL,Sun - Sat,10 AM - 4 PM,Appointment,Yountville,http://www.stagsleap.com/,-122.321,38.41555
ELAN VINEYARDS,4500 ATLAS PEAK RD,No Business Days,No Business Hours,No Tours or Tastings,Yountville,http://www.elanvineyards.com/,-122.248,38.44614
KONGSGAARD WINERY,4375 ATLAS PEAK RD,No Business Days,No Business Hours,No Tours or Tastings,Yountville,https://kongsgaardwine.com/,-122.247,38.43696
PAHLMEYER WINERY,4541 MONTICELLO RD,Thurs - Sun,10 AM - 5 PM,No Tours or Tastings,Napa,http://www.pahlmeyer.com/,-122.211,38.39481
ALTAMURA WINERY,1700 WOODEN VALLEY RD,Mon - Fri,9 AM - 3 PM,Tasting Appointment,Napa,http://www.altamura.com/,-122.18,38.35945
KENZO WINERY,3200 MONTICELLO RD,Sun - Sat,10 AM - 4:30 PM,Appointment,Napa,https://www.kenzoestate.com/,-122.201,38.3402
EAGLE EYE WINERY,6595 GORDON VALLEY RD,No Business Days,No Business Hours,No Tours or Tastings,Napa,https://www.eagleeyewine.com/,-122.125,38.34092
SHED CREEK WINERY,80 GRAPEVINE LN,Sat - Sun,12 AM - 5 PM,Tasting Appointment,Napa,http://shedcreekcellars.com/,-122.099,38.32932
NAPA HARVEST WINERY,3807 MONTICELLO RD,By Appointment,By Appointment,Tasting Appointment,Napa,https://www.mountgeorgewinery.com/,-122.204,38.37737
JARVIS VINEYARDS,2970 MONTICELLO RD,By Appointment,By Appointment,Tasting Appointment,Napa,http://www.jarviswines.com/,-122.212,38.3575
WING CANYON VINEYARD,3100 MT VEEDER RD,By Appointment,By Appointment,Tasting Appointment,Yountville,http://wingcanyonvineyard.com/,-122.417,38.38057
BLANKIET WINERY,2360 CALIFORNIA DR,Mon - Sat,9:30 AM - 3:30 PM,Tasting Appointment,Yountville,http://www.blankiet.com/,-122.384,38.40071
MAYACAMAS VINEYARDS,1155 LOKOYA RD,Sun - Sat,9:30 AM - 4:30 PM ,Appointment,Yountville,https://www.mayacamas.com/,-122.423,38.36521
SKY VINEYARDS,1500 LOKOYA RD,No Business Days,No Business Hours,No Tours or Tastings,Yountville,http://www.skyvineyards.com/,-122.448,38.36495
KEEVER WINERY,26 VINEYARD VIEW DR,Mon - Sat,11 AM - 2:30 PM,Appointment,Yountville,http://www.keevervineyards.com/,-122.366,38.38451
ELYSE WINERY,2100 HOFFMAN LN,Sun - Sat,10 AM - 5 PM,Tasting Appointment,Yountville,http://www.hqwinery.com/,-122.355,38.38361
HILL FAMILY ESTATE,6155 SOLANO AVE,Sun - Sat,10:30 AM - 3:30 PM,Appointment,Yountville,https://hillfamilyestate.com/,-122.352,38.38694
JOEL GOTT WINES,2055 HOFFMAN LN,Mon - Fri,7 AM - 3 PM,No Tours or Tastings,Yountville,https://www.gottwines.com/,-122.353,38.38291
DARMS LANE WINERY,1150 DARMS LN,No Business Days,No Business Hours,No Tours or Tastings,Napa,http://www.darmslanewine.com/,-122.35,38.36352
SHIFFLETT RANCH AND VINEYARD,1210 DARMS LN,By Appointment,By Appointment,Appointment,Napa,https://shifflettranch.com/,-122.348,38.36091
ARROW AND BRANCH WINERY,5215 SOLANO AVE,Sun - Sat,10 AM - 5 PM,Tasting Appointment,Napa,https://www.arrowandbranch.com/,-122.341,38.36251
Ideology Cellars Estate,5225 SOLANO AVE,Sun - Sat,10 AM - 4 PM,Appointment,Napa,https://www.ideologycellars.com/,-122.339,38.36379
MT. BRAVE VINEYARD,3875 MT VEEDER RD,Sun - Sat,10 AM - 4 PM,Appointment,Oakville,https://www.mtbravewines.com/,-122.459,38.3934
PROGENY WINERY,1022 MT VEEDER RD,Sun - Sat,9 AM - 5 PM,Tasting Appointment,Napa,https://www.progenywinery.com/,-122.363,38.33756
LAIRD FAMILY ESTATES,5055 SOLANO AVE,Sun - Sat,10 AM - 5 PM,Appointment,Napa,http://www.lairdfamilyestate.com/,-122.335,38.35394
OBRIEN FAMILY VINEYARD,1200 ORCHARD AVE,Wed - Sun,10 AM - 4 PM,Appointment,Napa,http://www.obrienestate.com/,-122.34,38.34605
HENDRY RANCH WINERY,3104 REDWOOD RD,Sun - Sat,10 AM - 5 PM,Tasting Appointment,Napa,http://www.hendrywines.com/,-122.344,38.32125
OLNEY FAMILY WINERY,2253 DRY CREEK RD,Sun - Sat,10:30 AM - 4:30 PM,Appointment,Napa,http://www.ofv.com/,-122.344,38.33018
MATTHIASSON FAMILY WINERY,3175 DRY CREEK RD,Sun - Sat,10 AM - 5 PM,Tasting Appointment,Napa,http://matthiasson.com/,-122.351,38.33861
FRISINGER VINEYARDS,2275 DRY CREEK RD,By Appointment,By Appointment,Tasting Appointment,Napa,https://frisingerfamilywine.com/,-122.345,38.33085
ANTHEM WINERY AND VINEYARDS,3454 REDWOOD RD,No Business Days,No Business hours,No Tours or Tastings,Napa,https://www.anthemwinery.com/,-122.353,38.33366
THE OASIS BY HOOPES,6204 WASHINGTON ST,Tues - Sun,"10 AM - 3:30 PM, 10 AM - 4 PM",Tasting Appointment,Yountville,https://hoopesvineyard.com/,-122.347,38.39099
BELL WINE CELLARS,6200 WASHINGTON ST,Sun - Sat,10 AM - 4 PM,Appointment,Yountville,http://www.bellwine.com/,-122.345,38.39052
MATERRA WINERY,4324 BIG RANCH RD,Sun - Sat,10 AM - 4:30 PM,Appointment,Napa,http://www.materrawines.com/,-122.31,38.36228
MONTICELLO CELLARS (CORLEY FAMILY),4242 BIG RANCH RD,Sun - Sat,10 AM - 4:30 PM,Tasting Appointment,Napa,http://www.monticellonapa.com/,-122.306,38.36159
FORTUNATI WINERY,986 SALVADOR AVE,Sun - Sat,10 AM - 5 PM,Tasting Appointment,Napa,http://www.fortunativineyards.com/,-122.308,38.34776
ASHES AND DIAMONDS,4106 HOWARD LN,Sun - Sat,11 AM - 6:30 PM,Appointment,Napa,http://ashesdiamonds.com/,-122.324,38.34541
BOYD FAMILY VINEYARDS,4042 BIG RANCH RD,Sun - Sat,10 AM - 4 PM,No Tours or Tastings,Napa,http://www.boydwine.com/,-122.298,38.35184
ROBERT BIALI VINEYARDS,4036 BIG RANCH RD,Sun - Sat,10 AM - 4 PM,Tasting Appointment,Napa,https://www.biale.com/,-122.302,38.35017
CELANI FAMILY VINEYARDS,2230 BIG RANCH RD,By Appointment,By Appointment,Tasting Appointment,Napa,http://www.celaniwines.com/,-122.291,38.33559
ELEVEN ELEVEN WINES,620 TRANCAS ST,Sun - Sat,10 AM - 4 PM,Appointment,Napa,http://www.elevenelevenwines.com/,-122.288,38.32601
REGUSCI WINERY,5584 SILVERADO TRL,Sun - Sat,10 AM - 4 PM,Appointment,Yountville,https://www.regusciwinery.com/,-122.314,38.39784
STAGS LEAP WINE CELLARS,5766 SILVERADO TRL,Sun - Sat,10 AM - 4 PM,Appointment,Yountville,https://www.stagsleapwinecellars.com/,-122.325,38.39943
REALM CELLARS,5765 SILVERADO TRL,By Appointment,By Appointment,Appointment,Yountville,http://www.realmcellars.com/,-122.331,38.40029
TAYLOR FAMILY VINEYARDS,5991 SILVERADO TRL,By Appointment,By Appointment,Private,Yountville,http://www.taylorfamilyvineyards.com/,-122.337,38.40958
SILVERADO VINEYARDS,6121 SILVERADO TRL,Sun - Sat,10 AM - 5 PM,Appointment,Yountville,https://www.silveradovineyards.com/,-122.337,38.41226
PINE RIDGE WINERY,5901 SILVERADO TRL,Sun - Sat,10 AM - 5 PM,Appointment,Yountville,https://www.pineridgevineyards.com/,-122.332,38.40568
CHIMNEY ROCK VINEYARDS,5350 SILVERADO TRL,Sun - Sat,10 AM - 5 PM,Appointment,Yountville,http://www.chimneyrock.com/,-122.313,38.38999
HAGAFEN CELLARS,4160 SILVERADO TRL,Sun - Sat,"10 AM - 3:30 PM, 10 AM - 4 PM",Tasting Appointment,Napa,http://www.hagafen.com/,-122.289,38.3648
MADOROM WINERY,2340 SILVERADO TRL,No Business Days,No Business hours,No Tours or Tastings,Napa,https://madorom.com/,-122.28,38.33999
JUDD'S HILL WINERY,2290 SILVERADO TRL,Sat - Sun,10 AM - 4 PM,Appointment,Napa,http://www.juddshill.com/,-122.28,38.33933
PAHLMEYER WINERY,1761 ATLAS PEAK RD,Thurs - Sun,10 AM - 5 PM,Tasting Appointment,Napa,http://www.pahlmeyer.com/,-122.27,38.35552
LUNA VINEYARDS,2921 SILVERADO TRL,Wed - Mon,10 AM - 3 PM,Appointment,Napa,http://www.burgesscellars.com/,-122.284,38.34508
KRUPP BROTHERS WINERY,1094 HARDMAN AVE,Sun - Sat,10 AM - 5 PM,Appointment,Napa,http://www.kruppbrothers.com/,-122.28,38.34836
ALTA NAPA VALLEY,2125 SILVERADO TRL,By Appointment,By Appointment,Tasting Appointment,Napa,https://altawinery.com/,-122.279,38.33017
BEAUCANON ESTATE,1006 MONTICELLO RD,Sun - Sat,12 PM - 4:30 PM,Appointment,Napa,http://www.beaucanonestate.com/,-122.273,38.32852
HDV,588 TRANCAS ST,Mon - Sat,10 PM - 4:30 PM,Tasting Appointment,Napa,https://www.hdvwines.com/,-122.283,38.32605
DEL DOTTO WINERY,1055 ATLAS PEAK RD,Fri - Sat,11 AM - 5 PM,Appointment,Napa,http://deldottovineyards.com/,-122.262,38.33858
SEVEN APART,4057 SILVERADO TRL,Sun - Sat,9 AM - 5 PM,Appointment,Napa,https://sevenapart.com/,-122.29,38.35706
BLACK STALLION,4089 SILVERADO TRL,Thurs - Mon,10 AM - 5 PM,Tasting Appointment,Napa,http://www.blackstallionwinery.com/,-122.291,38.35964
SAM JASPER WINERY,4059 SILVERADO TRL,No Business Days,No Business hours,No Tours or Tastings,Napa,https://www.samjasperwine.com/,-122.291,38.35825
SIGNORELLO WINERY,4500 SILVERADO TRL,Sun - Sat,10 AM - 4 PM,Appointment,Napa,http://www.signorelloestate.com/,-122.296,38.37084
DARIOUSH WINERY,4240 SILVERADO TRL,Sun - Sat,10 AM - 5 PM,Appointment,Napa,https://www.darioush.com/,-122.295,38.36747
JAMES COLE WINERY,5014 SILVERADO TRL,Sun - Sat,10 AM - 5 PM,Tasting Appointment,Napa,http://www.jamescolewinery.com/,-122.299,38.37067
RAZI WINERY,3106 SILVERADO TRL,Mon - Sat,10 AM - 5 PM,Tasting Appointment,Napa,http://raziwinery.com/,-122.283,38.34889
BREAD & BUTTER WINES,3105 SILVERADO TRL,Wed - Mon,10 AM - 4 PM,Tasting Appointment,Napa,https://www.breadandbutterwines.com/,-122.285,38.34842
ELLMAN FAMILY WINERY,1022 SOADA CANYON RD,By Appointment,By Appointment,Tasting Appointment,Napa,http://ellmanwine.com/,-122.286,38.35664
REYNOLDS WINERY,3266 SILVERADO TRL,Sun - Sat,10 AM - 5 PM,Appointment,Napa,http://www.reynoldsfamilywinery.com/,-122.286,38.35527
V-12 WINERY,2001 SODA CANYON RD,Mon - Fri,8 AM -4 PM,Tasting Appointment,Yountville,https://www.v12vineyards.com/,-122.291,38.39096
WHITE ROCK VINEYARDS,1112 LOMA VISTA DR,Sun - Sat,10 AM - 5 PM,Appointment,Napa,http://www.whiterockvineyards.com/,-122.287,38.37785
REID FAMILY VINEYARDS,1020 BORRETTE LN,Tues - Sun,10 AM - 4 PM,Tasting Appointment,Napa,http://www.reidfamilyvineyards.com/,-122.348,38.3137
TULOCAY WINERY,1426 COOMBSVILLE RD,Sun - Sat,11 AM - 4:30 PM,Tasting Appointment,Napa,http://www.tulocay.com/,-122.258,38.29804
FAVIA ERICKSON WINEGROWERS,2031 COOMBSVILLE RD,Thurs - Mon,8:30 AM - 4:30 PM,Tasting Appointment,Napa,http://www.faviawine.com/,-122.25,38.29352
PORTER VINEYARDS,1187 GREEN VALLEY RD,By Appointment,By Appointment,Tasting Appointment,Napa,http://www.porterfamilyvineyards.com/,-122.223,38.28263
CALDWELL WINERY,270 KREUZER LN,Sun - Sat,10 AM - 4 PM,Tasting Appointment,Napa,http://www.caldwellvineyard.com/,-122.228,38.28206
FALCOR WINERY,2511 NAPA VALLEY CORPORATE DR,Tues - Sat,10 AM - 4 PM,Tasting Appointment,Napa,http://www.falcorwines.com/,-122.276,38.25589
SPELLETICH FAMILY WINE CO.,2545 NAPA VALLEY CORPORATE DR,Sun - Sat,10 AM - 5 PM,Tasting Appointment,Napa,http://www.spellwine.com/,-122.275,38.25389
TRUCHARD VINEYARDS,3234 OLD SONOMA RD,Mon - Fri,10 AM - 3:30 PM,Appointment,Napa,http://www.truchardvineyards.com/,-122.323,38.28566
DOMAINE CARNEROS,1240 DUHIG RD,Sun - Sat,10 AM - 5 PM,Appointment,Napa,http://domainecarneros.com/,-122.351,38.25548
ARTESA WINERY,1345 HENRY RD,Sun - Sat,10:30 AM - 5 PM,Tasting Appointment,Napa,https://www.artesawinery.com/,-122.357,38.26916
CARNEROS WINE COMPANY,1134 DEALY LN,Mon - Fri,9 AM - 5 PM,No Tours or Tastings,Napa,http://carneroswinecompany.com/,-122.342,38.26291
MADONNA ESTATE - MONT ST JOHN CELLARS,5400 OLD SONOMA RD,Sun - Sat,10 AM - 5 PM,Tasting Appointment,Napa,http://www.madonnaestate.com/,-122.341,38.2558
ROBERT MONDAVI CARNEROS WINERY,1319 DUHIG RD,By Appointment,By Appointment,Tasting Appointment,Napa,https://robertmondaviwinery.com/,-122.359,38.24555
BRANDLIN / CUVAISON CARNEROS,1221 DUHIG RD,Sun - Sat,10 AM - 5 PM,Tasting Appointment,Napa,https://www.cuvaison.com/,-122.348,38.25071
SAINTSBURY,1500 LOS CARNEROS AVE,Sun - Sat,10 AM - 3:30 PM,Tasting Appointment,Napa,https://www.saintsbury.com/,-122.325,38.24996
HYDE WINERY ESTATE,1044 LOS CARNEROS AVE,Sun - Sat,10 AM - 4 PM,Appointment,Napa,https://www.hydewines.com/,-122.331,38.25344
ETUDE WINERY,1250 CUTTINGS WHARF RD,Sun - Sat,10 AM - 4 PM,Appointment,Napa,http://www.etudewines.com/visit,-122.314,38.24612
CEJA VINEYARDS,1016 LAS AMIGAS RD,By Appointment,By Appointment,Tasting Appointment,Napa,https://www.cejavineyards.com/,-122.314,38.23544
MCKENZIE MUELLER WINERY,2530 LAS AMIGAS RD,Mon - Sat,10 AM - 4:30 PM,Appointment,Napa,http://www.mckenziemueller.com/,-122.332,38.23234
SLEEPING GIANT,2258 LAS AMIGAS RD,Sun - Sat,10 AM - 4 PM,Appointment,Napa,https://sleepinggiant.wine/,-122.329,38.23174
BOUCHAINE VINEYARDS,1075 BUCHLI STATION RD,Sun - Sat,10 AM - 4:30 PM,Appointment,Napa,http://www.bouchaine.com/,-122.331,38.22647
RuVANGO WINERY,1285 DEALY LN,Sun - Sat,10:30 AM - 5 PM,Appointment,Napa,https://www.ruvango.com/,-122.348,38.26885
PALMAZ WINERY,4029 HAGEN RD,By Appointment,By Appointment,Tasting Appointment,Napa,http://www.palmazvineyards.com/,-122.225,38.32342
RENTERIA WINERY,1727 PARTRICK RD,Mon - Fri,10 AM - 4 PM,Tasting Appointment,Napa,http://www.fontanellawinery.com/,-122.375,38.31099
FONTANELLA WINERY,1721 PARTRICK RD,Sun - Sat,10 AM - 5 PM,Appointment,Napa,http://www.fontanellawinery.com/,-122.373,38.3126
HESS PERSSON ESTATES,4411 REDWOOD RD,Thurs - Sun,10 AM - 4:30 PM,Appointment,Napa,https://www.hessperssonestates.com/,-122.39,38.33822
GRIEVE FAMILY WINERY,965 Silverado Trail ,Sun - Sat,"9 AM - 5 PM, 10 AM - 2 PM",Tasting Appointment,Napa,https://grievewinery.com/,-122.396,38.29273
FARELLA PARK VINEYARDS,2222 THIRD AVE,By Appointment,By Appointment,Tasting Appointment,Napa,http://www.farella.com/,-122.225,38.31121
SODARO WINERY,24 BLUE OAK LN,No Business Days,No Business hours,No Tours or Tastings,Napa,http://bydandwines.com/,-122.233,38.3154
SHADYBROOK WINERY,100 RAPP LN,Sun - Sat,10 AM - 5 PM,Tasting Appointment,Napa,http://www.shadybrookestate.com/,-122.249,38.30839
COVERT ESTATE,15 CHATEAU LN,No Business Days,No Business hours,No Tours or Tastings,Napa,http://www.covertestate.com/,-122.248,38.30695
THE CAVE AT SHADYBROOK ESTATE WINERY,70 RAPP LN,By Appointment,By Appointment,Tasting Appointment,Napa,http://www.shadybrookestate.com/,-122.249,38.31452
SUNRISE RANCH WINERY,1 KIRKLAND RANCH RD,By Appointment,By Appointment,Appointment,American Canyon,https://sunriseranchwinery.com/,-122.229,38.22035
BIN TO BOTTLE,110 CAMINO ORUGA,Sun - Sat,8 AM - 6:30 PM,No Tours or Tastings,American Canyon,http://www.bintobottle.com/,-122.256,38.22917
RANG DONG WINERY,3 EXECUTIVE WAY,Thurs - Mon,"10 AM - 5 PM, 10 AM - 7 PM",Tasting Appointment,American Canyon,http://www.rdwinery.com/,-122.257,38.22484
GREENWOOD MANOR,499 DEVLIN RD,Mon - Fri,9 AM - 5 PM,No Tours or Tastings,American Canyon,https://www.thegreenwoodmanor.com/,-122.263,38.22314
BARREL TEN QUARTER CIRCLE,33 HARLOW CT,Mon - Sat,6 AM - 11 PM,No Tours or Tastings,American Canyon,http://broncowine.com/,-122.271,38.2206
LEAF AND VINE,190 CAMINO ORUGA ##21-#24,Sun - Sat,10 AM - 5 PM,Appointment,American Canyon,https://leafandvine.com/,-122.253,38.228
BLACK CAT VINEYARD,1352 4th Ave,By Appointment,By Appointment,Tasting Appointment,American Canyon,http://www.blackcatvineyard.com/,-122.253,38.22767
SAWYER CELLARS,759 TECHNOLOGY WAY,Mon - Fri,10 AM - 4 PM,Appointment,American Canyon,http://www.sawyercellars.com/,-122.267,38.22539
HESS COLLECTION WAREHOUSE,1166 COMMERCE BLVD,Mon - Thurs,7 AM - 3 PM,Appointment,American Canyon,https://www.yelp.com/biz/the-hess-collection-winery-american-canyon,-122.27,38.18984
THEOREM WINERY,255 PETRIFIED FOREST RD,Sun - Sat,10 AM - 4PM,Appointment,Calistoga,https://www.theoremvineyards.com/,-122.617,38.57612
NAPA CUSTOM CRUSH / CAVES AT SODA CYN,2275 SODA CANYON RD,Sun - Sat,10 AM - 4 PM,Appointment,Yountville,https://thecavesatsodacanyon.com/visit-us/,-122.303,38.40204
TREFETHEN VINEYARDS,1160 OAK KNOLL AVE,Sun - Sat,10 AM - 4:30PM,Public,Napa,https://www.trefethen.com/,-122.332,38.36032
GARGIULO WINERY,577 OAKVILLE CROSS RD,Sun - Sat,10 AM - 4 PM,Appointment,Oakville,http://www.gargiulovineyards.com/,-122.367,38.45408
TRUCHARD WINERY,3234 OLD SONOMA RD,Mon - Fri,"10 AM - 3:30 PM, 10 AM - 3 PM",Appointment,Napa,http://www.truchardvineyards.com/,-122.323,38.28166
HUDSON WINERY,5398 SONOMA HWY,Sun - Sat,10 AM - 4 PM,Appointment,Napa,http://hudsonranch.com/,-122.366,38.26614
PHILIP TOGNI VINEYARD,3780 SPRING MOUNTAIN RD,By Appointment,By Appointment,Tasting Appointment,St. Helena,http://www.philiptognivineyard.com/,-122.536,38.52083
ONE HOPE WINERY,8305 ST HELENA HWY,Sun - Sat,10 AM - 4 PM,Appointment,Rutherford,http://www.onehopewinery.com/,-122.415,38.44682
CHANTICLEER WINERY,4 VINEYARD VIEW DR,By Appointment,By Appointment,Appointment,Yountville,https://www.chanticleerwine.com/,-122.364,38.3882
PIAZZA DEL DOTTO,7466 ST HELENA HWY,Sun - Sat,"10 AM - 5 PM, 11 AM - 5 PM",Appointment,Oakville,http://www.deldottovineyards.com/,-122.388,38.42237
VIN ROC WINERY,4069 ATLAS PEAK RD,Mon - Fri,9 AM - 5 PM,Appointment,Yountville,http://www.vinrocnapa.com/,-122.25,38.42712
AMULET ESTATE,230 N CRYSTAL SPRING RD,Sun - Sat,10 AM - 5 PM,Appointment,St. Helena,http://www.amuletestate.com/,-122.492,38.55708
ROY ESTATE VINEYARDS,1220 SODA CANYON RD,Sun - Sat,"10 AM - 4:30 PM, 11 AM - 4 PM",Appointment,Napa,https://www.royestate.com/,-122.28,38.36613
CLOS DU VAL WINE CO,5330 SILVERADO TRL,Sun - Sat,10 AM - 5 PM,Appointment,Yountville,http://www.closduval.com/,-122.313,38.38704
GRACE FAMILY WINERY,1210 ROCKLAND DR,By Appointment,By Appointment,Appointment,St. Helena,http://www.gracefamilyvineyards.com/,-122.497,38.52225
ANTINORI NAPA VALLEY,3700 SODA CANYON RD,Tues - Sat,10 AM - 4:30 PM,Appointment,Yountville,https://antinorinapavalley.com/,-122.292,38.42765
DOMINUS ESTATE WINERY,2570 NAPANOOK RD,By Appointment,By Appointment,Appointment,Yountville,https://www.dominusestate.com/,-122.373,38.40561
NICKEL AND NICKEL WINERY,8164 STATE HWY 29,Sun - Sat,10 AM - 4:30 PM,Appointment,Oakville,https://farniente.com/visit-nickel-and-nickel?utm_source=google&utm_medium=organic&utm_campaign=gbp,-122.407,38.44323
RUSTRIDGE WINERY,2910 LOWER CHILES VALLEY RD,By Appointment,By Appointment,Appointment,Zinfandel,http://rustridge.com/,-122.318,38.52843
CANARD WINERY,1016 DUNAWEAL LN,Tues - Sun,10:30 AM - 4:30 PM,Appointment,Calistoga,http://www.canardvineyard.com/,-122.555,38.5755
LA HERRADURA VINEYARDS,970 CONN VALLEY RD,By Appointment,By Appointment,Appointment,St. Helena,https://nicholsonjones.com/vineyard/la-herradurra,-122.416,38.51599
SODHANI WINERY,3283 ST HELENA HWY,By Appointment,By Appointment,Appointment,St. Helena,http://sodhanivineyards.com/,-122.509,38.5355
SHANTI WINES,194 Camino Oruga #9,By Appointment,By Appointment,Appointment,American Canyon,https://www.shantiwines.com/,-122.254,38.22751
Taplin Cellars,1677 Lewelling Ln,By Appointment,By Appointment,Appointment,Zinfandel,https://taplincellars.com/,-122.458,38.48849
PROMISE WINERY,2000/2004 Sage Canyon Rd,No Business Days,No Business Hours,No Tours or Tastings,Rutherford,http://promisewine.com/,-122.336,38.4908
HILLWALKER VINEYARDS,"1871 Mt. Veeder Rd., Napa",No Business Days,No Business Hours,No Tours or Tastings,Napa,https://www.hillwalkervineyards.com/,-122.399,38.3524
CHAIX FAMILY VINEYARDS,1204 Manley Ln,No Business Days,No Business Hours,No Tours or Tastings,Rutherford,https://www.chaixwines.com/vineyards,-122.418,38.45183
BATTUELO VINEYARDS,3354 Ehlers Ln,By Appointment,By Appointment,Appointment,St. Helena,https://battuellovineyards.com/,-122.499,38.53831
CASTELLUCCI ESTATE WINERY,"7900 Money Rd, Oakville",By Appointment,By Appointment,Appointment,Oakville,https://www.castelluccinapavalley.com/,-122.393,38.45258